WalkingTrackID,WalkingTrackName,WalkingTrackLength
1,,
2,,
3,,
4,,
5,,
6,Ellas Track,
7,Crater Rim Walkway,
8,Crater Rim Walkway,
9,,
10,,
12,,
13,,
14,,
15,,
16,,
17,,
18,,
19,,
20,,
21,,
22,,
23,,
24,,
25,,
26,,
27,,
28,,
29,,
30,,
31,,
32,,
33,,
34,,
35,,
36,,
37,,
38,,
39,,
40,,
41,,
42,,
43,,
44,,
45,,
46,,
47,,
48,Coronation Hill Track,
49,Crater Rim South,
50,Crater Rim South,
51,crater rim south,
52,crater rim south,
53,crater rim south,
55,crater rim south,
56,crater rim south,
57,Crater Rim Mitchells Reserve,
58,Crater Rim Mitchells Reserve,
59,Gilpins track,
60,Cedrics track,
61,Cedrics track,
62,Latters Spur Track,
63,latters spur track,
64,latters spur track,
65,latters spur track,
66,latters spur track,
67,Bush walk,
68,Crater Rim Mt Vernon,
69,Crater Rim East,
70,Crater Rim East,
72,Crater Rim East,
73,crater rim east,
74,Crater Rim East,
75,Crater Rim East,
76,Crater Rim East,
77,Access Track Gondola,
78,Crater Rim East,
79,Crater Rim East,
80,,
81,Barnett Park,
82,Barnett Park,
86,Captain Thomas Track,
88,,
89,Godley Head Track,
90,Godley Head Track,
91,Chalmers Track,
92,Major Hornbrooks Track,
93,,
97,Bowenvale Walkway,
98,Bowenvale Walkway,
99,,
100,,
101,,
102,,
103,,
104,East Side Bush Track,
105,East Side Bush Track,
106,,
107,Harry Ell Walkway,
108,Harry Ell Walkway,
109,Harry Ell Walkway,
110,,
111,,
112,Bowenvale Walkway,
113,Bowenvale Walkway,
114,,
115,Harry Ell Walkway,
116,East Side Bush Track,
118,,
119,,
120,Horseshoe Lake Reserve,
121,Anne Flanagan Walkway,
122,,
123,QEII Walk,
124,,
125,Godley Head Track,
126,Boulder Bay Walkway,
